成交日期,成交时间,证券代码,证券名称,操作,数量,成交价,成交额,手续费,印花税,其他费用,发生金额
20260817,09:30:18,="000936",华西股份,卖出,800,6.59,5272,5,2.64,0,5264.36
20260817,09:37:10,="002081",金螳螂,买入,200,5.8,1160,5,0,0,-1165
20260817,09:38:16,="603758",秦安股份,卖出,100,13.43,1343,5,0.67,0.01,1337.32
20260817,10:11:11,="002081",金螳螂,买入,200,5.79,1158,5,0,0,-1163
20260818,09:37:40,="002081",金螳螂,卖出,400,5.85,2340,5,1.17,0,2333.83
20260819,11:04:04,="600313",农发种业,买入,100,7.24,724,5,0,0.01,-729.01
20260819,14:54:10,="159516",半导设备,买入,3100,0.738,2287.8,5,0,0,-2292.8
20260819,14:54:23,="588170",科创半导,买入,2000,1.025,2050,5,0,0,-2055
20260820,09:30:26,="159516",半导设备,卖出,3100,0.74,2294,5,0,0,2289
20260820,09:31:04,="588170",科创半导,卖出,2000,1.027,2054,5,0,0,2049
20260820,09:32:37,="600313",农发种业,卖出,100,6.64,664,5,0.33,0.01,658.66
20260820,09:36:56,="600127",金健米业,买入,200,8.42,1684,5,0,0.02,-1689.02
20260820,09:38:18,="600127",金健米业,买入,100,8.23,823,5,0,0.01,-828.01
20260820,09:38:46,="600127",金健米业,买入,100,8.29,829,5,0,0.01,-834.01
20260820,09:38:54,="600127",金健米业,买入,100,8.28,828,5,0,0.01,-833.01
20260821,09:31:12,="600127",金健米业,卖出,500,8.03,4015,5,2.01,0.04,4007.95
20260821,09:41:37,="600664",哈药股份,买入,100,8.17,817,5,0,0.01,-822.01
20260824,13:29:47,="600664",哈药股份,卖出,100,8.18,818,5,0.41,0.01,812.58
20260825,10:22:54,="002412",汉森制药,买入,300,12.33,3699,5,0,0,-3704
20260826,10:10:41,="002412",汉森制药,买入,600,13.56,8136,5,0,0,-8141
20260827,09:34:04,="002412",汉森制药,卖出,400,13.93,5572,5,2.79,0,5564.21
20260827,09:35:26,="002412",汉森制药,卖出,300,13.76,4128,5,2.06,0,4120.94
20260827,09:38:02,="002412",汉森制药,卖出,200,13.82,2764,5,1.38,0,2757.62
20260827,10:02:35,="600721",百花医药,买入,200,16.44,3288,5,0,0.03,-3293.03
20260827,10:05:21,="600721",百花医药,买入,200,16.46,3292,5,0,0.04,-3297.04
20260828,09:31:26,="600378",昊华科技,买入,100,53.31,5331,5,0,0.05,-5336.05
20260828,09:32:11,="600721",百花医药,买入,100,16.3,1630,5,0,0.02,-1635.02
20260831,09:31:04,="600378",昊华科技,卖出,100,51.87,5187,5,2.59,0.05,5179.36
20260831,10:19:48,="600721",百花医药,卖出,500,13.9,6950,5,3.48,0.07,6941.45
20260831,13:37:25,="600354",敦煌种业,买入,100,9.03,903,5,0,0.01,-908.01
20260831,15:00:00,="600127",金健米业,买入,300,12.04,3612,5,0,0.04,-3617.04
20260901,09:32:34,="600354",敦煌种业,卖出,100,8.45,845,5,0.42,0.01,839.57
20260901,09:35:00,="600127",金健米业,卖出,300,12.6,3780,5,1.89,0.04,3773.07
20260902,09:30:59,="600551",时代出版,买入,600,9.35,5610,5,0,0.06,-5615.06
20260903,09:36:41,="600551",时代出版,卖出,600,8.41,5046,5,2.52,0.05,5038.43
20260903,11:20:37,="000892",欢瑞世纪,买入,600,5.72,3432,5,0,0,-3437
20260903,11:21:56,="000892",欢瑞世纪,买入,300,5.72,1716,5,0,0,-1721
20260904,09:38:56,="000892",欢瑞世纪,卖出,900,5.21,4689,5,2.34,0,4681.66
20260907,09:30:48,="000735",罗牛山,买入,200,6.74,1348,5,0,0,-1353
20260908,09:30:50,="000735",罗牛山,卖出,100,6.86,686,5,0.34,0,680.66
20260908,09:31:55,="002403",爱仕达,买入,400,13.65,5460,5,0,0,-5465
20260908,09:32:16,="000735",罗牛山,卖出,100,6.73,673,5,0.34,0,667.66
20260908,09:48:12,="002403",爱仕达,买入,200,13.65,2730,5,0,0,-2735
20260909,09:32:05,="002403",爱仕达,卖出,600,12.71,7626,5,3.81,0,7617.19
20260909,09:32:41,="600865",百大集团,买入,200,15.11,3022,5,0,0.03,-3027.03
20260909,09:32:45,="600865",百大集团,买入,200,15.11,3022,5,0,0.03,-3027.03
20260909,09:48:57,="600865",百大集团,买入,200,15.11,3022,5,0,0.04,-3027.04
20260910,09:32:16,="600865",百大集团,卖出,300,15.42,4626,5,2.31,0.05,4618.64
20260910,09:32:21,="600865",百大集团,卖出,300,15.13,4539,5,2.27,0.05,4531.68
20260910,15:00:00,="000978",桂林旅游,买入,500,9.69,4845,5,0,0,-4850
20260911,09:31:22,="000978",桂林旅游,卖出,400,9.6,3840,5,1.92,0,3833.08
20260911,09:35:38,="000978",桂林旅游,卖出,100,9.99,999,5,0.5,0,993.5
20260911,09:42:21,="000978",桂林旅游,买入,200,10.66,2132,5,0,0,-2137
20260911,09:42:23,="000978",桂林旅游,买入,700,10.66,7462,5,0,0,-7467
20260911,09:48:59,="000978",桂林旅游,买入,100,10.08,1008,5,0,0,-1013
20260914,09:41:55,="000978",桂林旅游,卖出,500,10.62,5310,5,2.66,0,5302.34
20260914,09:42:43,="000978",桂林旅游,卖出,500,10.54,5270,5,2.64,0,5262.36
20260914,14:01:49,="601086",国芳集团,买入,100,17.56,1756,5,0,0.02,-1761.02
20260915,09:31:55,="000993",闽东电力,买入,200,16.8,3360,5,0,0,-3365
20260915,09:43:39,="601086",国芳集团,卖出,100,16.19,1619,5,0.81,0.02,1613.17
20260915,10:25:23,="000993",闽东电力,买入,100,16.7,1670,5,0,0,-1675
20260917,09:40:18,="002584",西陇科学,买入,400,10.51,4204,5,0,0,-4209
20260917,09:43:42,="000993",闽东电力,卖出,300,16.63,4989,5,2.49,0,4981.51
20260918,09:33:43,="002584",西陇科学,买入,600,9.8,5880,5,0,0,-5885
20260918,14:56:20,="588170",科创半导,买入,200,1.02,204,5,0,0,-209
20260921,09:35:53,="588170",科创半导,卖出,200,1.02,204,5,0,0,199
20260921,09:36:45,="002584",西陇科学,卖出,1000,9.76,9760,5,4.88,0,9750.12
20260921,09:40:40,="603230",内蒙新华,买入,200,14.83,2966,5,0,0.03,-2971.03
20260921,15:00:00,="588170",科创半导,买入,1400,1.012,1416.8,5,0,0,-1421.8
20260922,09:30:22,="603230",内蒙新华,买入,300,16.2,4860,5,0,0.05,-4865.05
20260922,09:30:54,="588170",科创半导,卖出,1400,1.03,1442,5,0,0,1437
20260922,09:31:04,="603230",内蒙新华,买入,100,16.02,1602,5,0,0.02,-1607.02
20260922,11:01:38,="588170",科创半导,买入,300,1.012,303.6,5,0,0,-308.6
20260922,14:56:24,="588170",科创半导,买入,200,0.998,199.6,5,0,0,-204.6
20260923,09:53:40,="588170",科创半导,卖出,500,1,500,5,0,0,495
20260923,10:25:23,="603230",内蒙新华,卖出,200,16.51,3302,5,1.66,0.04,3295.3
20260923,10:25:41,="603230",内蒙新华,卖出,200,16.41,3282,5,1.64,0.04,3275.32
20260923,10:26:02,="603230",内蒙新华,卖出,200,16.3,3260,5,1.63,0.03,3253.34
20260923,10:40:16,="000504",南华生物,买入,100,12.91,1291,5,0,0,-1296
20260923,11:00:28,="000504",南华生物,买入,100,12.83,1283,5,0,0,-1288
20260924,10:17:11,="600664",哈药股份,买入,100,8.33,833,5,0,0.01,-838.01
20260924,13:49:51,="002238",天威视讯,买入,100,8.43,843,5,0,0,-848
20260928,09:30:46,="000504",南华生物,卖出,200,12.7,2540,5,1.27,0,2533.73
20260928,09:31:44,="002238",天威视讯,卖出,100,7.59,759,5,0.38,0,753.62
20260928,10:07:45,="600664",哈药股份,卖出,100,7.43,743,5,0.37,0.01,737.62
20260930,14:56:59,="000993",闽东电力,买入,100,17.09,1709,5,0,0,-1714