row_id,trade_date,trade_time,code,name,side,quantity,price,amount,commission,stamp_tax,other_fees,cash_flow,cash_balance,market,settlement_date,full_name
01,2026-08-13,09:30:41,600487,亨通光电,卖出,100,60.230,6023.000,5.000,3.010,0.000,6014.930,6344.090,沪A,2026-08-13,亨通光电
02,2026-08-12,15:00:00,600487,亨通光电,买入,100,59.300,5930.000,5.000,0.000,0.000,-5935.060,6985.160,沪A,2026-08-12,亨通光电
03,2026-08-12,15:00:00,000636,风华高科,买入,100,66.510,6651.000,5.000,0.000,0.000,-6656.000,329.160,深A,2026-08-12,风华高科
04,2026-08-12,14:56:08,600721,百花医药,卖出,200,14.030,2806.000,5.000,1.400,0.000,2799.570,12920.220,沪A,2026-08-12,百花医药
05,2026-08-12,14:01:25,600721,百花医药,卖出,200,14.030,2806.000,5.000,1.400,0.000,2799.570,10120.650,沪A,2026-08-12,百花医药
06,2026-08-12,09:33:05,600721,百花医药,卖出,500,14.030,7015.000,5.000,3.510,0.000,7006.420,7321.080,沪A,2026-08-12,百花医药
07,2026-08-11,09:32:13,603758,秦安股份,买入,100,12.680,1268.000,5.000,0.000,0.000,-1273.010,314.660,沪A,2026-08-11,秦安股份
08,2026-08-11,09:25:00,600721,百花医药,买入,500,12.750,6375.000,5.000,0.000,0.000,-6380.060,6697.730,沪A,2026-08-11,百花医药
09,2026-08-11,09:25:00,600721,百花医药,买入,200,12.750,2550.000,5.000,0.000,0.000,-2555.030,4142.700,沪A,2026-08-11,百花医药
10,2026-08-11,09:25:00,600721,百花医药,买入,200,12.750,2550.000,5.000,0.000,0.000,-2555.030,1587.670,沪A,2026-08-11,百花医药
11,2026-08-10,09:37:22,601700,风范股份,卖出,1800,7.001,12602.000,5.000,6.300,0.000,12590.580,13077.790,沪A,2026-08-10,风范股份
12,2026-08-06,13:07:22,601700,风范股份,买入,200,7.160,1432.000,5.000,0.000,0.000,-1437.020,487.210,沪A,2026-08-06,风范股份
13,2026-08-06,09:39:14,601700,风范股份,买入,100,7.160,716.000,5.000,0.000,0.000,-721.010,1924.230,沪A,2026-08-06,风范股份
14,2026-08-06,09:38:29,601700,风范股份,买入,500,7.160,3580.000,5.000,0.000,0.000,-3585.040,4082.250,沪A,2026-08-06,风范股份
15,2026-08-06,09:38:29,601700,风范股份,买入,200,7.160,1432.000,5.000,0.000,0.000,-1437.010,2645.240,沪A,2026-08-06,风范股份
16,2026-08-06,09:38:26,601700,风范股份,买入,600,7.160,4296.000,5.000,0.000,0.000,-4301.040,9104.300,沪A,2026-08-06,风范股份
17,2026-08-06,09:38:26,601700,风范股份,买入,200,7.160,1432.000,5.000,0.000,0.000,-1437.010,7667.290,沪A,2026-08-06,风范股份
18,2026-08-04,13:36:44,159516,半导设备,卖出,2300,0.645,1483.500,5.000,0.000,0.000,1478.500,12096.340,深A,2026-08-04,半导体设备ETF国泰
19,2026-08-04,13:36:41,588170,科创半导,卖出,1500,0.876,1314.000,5.000,0.000,0.000,1309.000,13405.340,沪A,2026-08-04,科创半导体ETF华夏
20,2026-08-04,13:24:00,159516,半导设备,卖出,1100,0.637,700.700,5.000,0.000,0.000,695.700,9844.340,深A,2026-08-04,半导体设备ETF国泰
21,2026-08-04,13:23:43,588170,科创半导,卖出,900,0.865,778.500,5.000,0.000,0.000,773.500,10617.840,沪A,2026-08-04,科创半导体ETF华夏
22,2026-08-04,13:13:54,588170,科创半导,卖出,1200,0.862,1034.400,5.000,0.000,0.000,1029.400,9148.640,沪A,2026-08-04,科创半导体ETF华夏
23,2026-08-04,13:12:36,159516,半导设备,卖出,1600,0.632,1011.200,5.000,0.000,0.000,1006.200,8119.240,深A,2026-08-04,半导体设备ETF国泰
24,2026-08-03,13:45:54,588170,科创半导,买入,3600,0.845,3042.000,5.000,0.000,0.000,-3047.000,7113.040,沪A,2026-08-03,科创半导体ETF华夏
25,2026-08-03,13:36:50,159516,半导设备,买入,5000,0.614,3070.000,5.000,0.000,0.000,-3075.000,10160.040,深A,2026-08-03,半导体设备ETF国泰
26,2026-08-03,09:37:01,605179,一鸣食品,卖出,200,19.510,3902.000,5.000,1.950,0.000,3895.010,13235.040,沪A,2026-08-03,一鸣食品
27,2026-07-31,13:17:16,605179,一鸣食品,买入,200,19.370,3874.000,5.000,0.000,0.000,-3879.040,9340.030,沪A,2026-07-31,一鸣食品
28,2026-07-29,10:06:55,001258,立新能源,卖出,1100,11.610,12771.000,5.000,6.390,0.000,12759.610,13219.070,深A,2026-07-29,立新能源
29,2026-07-28,11:15:32,001258,立新能源,买入,100,15.060,1506.000,5.000,0.000,0.000,-1511.000,459.460,深A,2026-07-28,立新能源
30,2026-07-28,09:44:09,001258,立新能源,买入,100,15.290,1529.000,5.000,0.000,0.000,-1534.000,1970.460,深A,2026-07-28,立新能源
31,2026-07-28,09:41:45,001258,立新能源,买入,100,15.400,1540.000,5.000,0.000,0.000,-1545.000,3504.460,深A,2026-07-28,立新能源
32,2026-07-28,09:35:33,001258,立新能源,买入,100,15.380,1538.000,5.000,0.000,0.000,-1543.000,5049.460,深A,2026-07-28,立新能源
33,2026-07-28,09:35:10,001258,立新能源,买入,100,15.210,1521.000,5.000,0.000,0.000,-1526.000,6592.460,深A,2026-07-28,立新能源
34,2026-07-28,09:34:49,002879,长缆科技,卖出,100,17.900,1790.000,5.000,0.900,0.000,1784.100,8118.460,深A,2026-07-28,长缆科技
35,2026-07-28,09:34:42,001258,立新能源,买入,100,15.350,1535.000,5.000,0.000,0.000,-1540.000,6334.360,深A,2026-07-28,立新能源
36,2026-07-28,09:31:39,001258,立新能源,对方买入,100,15.360,1536.000,5.000,0.000,0.000,-1541.000,7874.360,深A,2026-07-28,立新能源
37,2026-07-28,09:31:33,001258,立新能源,对方买入,100,15.440,1544.000,5.000,0.000,0.000,-1549.000,9415.360,深A,2026-07-28,立新能源
38,2026-07-28,09:30:45,001258,立新能源,对方买入,100,15.620,1562.000,5.000,0.000,0.000,-1567.000,10964.360,深A,2026-07-28,立新能源
39,2026-07-28,09:30:22,001258,立新能源,对方买入,100,15.640,1564.000,5.000,0.000,0.000,-1569.000,12531.360,深A,2026-07-28,立新能源
40,2026-07-28,09:30:20,001258,立新能源,对方买入,100,15.640,1564.000,5.000,0.000,0.000,-1569.000,14100.360,深A,2026-07-28,立新能源
41,2026-07-27,13:49:32,002879,长缆科技,买入,100,19.860,1986.000,5.000,0.000,0.000,-1991.000,15669.360,深A,2026-07-27,长缆科技
42,2026-07-27,10:44:30,600664,哈药股份,卖出,100,5.570,557.000,5.000,0.280,0.000,551.710,17660.360,沪A,2026-07-27,哈药股份
