"成交日期","成交时间","证券代码","证券名称","操作","成交数量","成交均价","成交金额","手续费","印花税","其他杂费","实际费用","发生金额","资金余额","交易市场","交收日期"
"2026-09-04","09:38:56","000892","欢瑞世纪","卖出","900","5.210","4689.00","5.00","2.34","0.00","7.34","4681.66","11169.91","深A","2026-09-04"
"2026-09-03","11:21:56","000892","欢瑞世纪","买入","300","5.720","1716.00","5.00","0.00","0.00","5.00","-1721.00","1449.82","深A","2026-09-03"
"2026-09-03","11:20:37","000892","欢瑞世纪","买入","600","5.720","3432.00","5.00","0.00","0.00","5.00","-3437.00","3170.82","深A","2026-09-03"
"2026-09-03","09:36:41","600551","时代出版","卖出","600","8.410","5046.00","5.00","2.52","0.00","7.57","5038.43","6488.25","沪A","2026-09-03"
"2026-09-02","09:30:59","600551","时代出版","买入","600","9.350","5610.00","5.00","0.00","0.00","5.06","-5615.06","6607.82","沪A","2026-09-02"
"2026-09-01","09:35:00","600127","金健米业","卖出","300","12.600","3780.00","5.00","1.89","0.00","6.93","3773.07","12222.88","沪A","2026-09-01"
"2026-09-01","09:32:34","600354","敦煌种业","卖出","100","8.450","845.00","5.00","0.42","0.00","5.43","839.57","8449.81","沪A","2026-09-01"
"2026-08-31","15:00:00","600127","金健米业","买入","300","12.040","3612.00","5.00","0.00","0.00","5.04","-3617.04","7610.24","沪A","2026-08-31"
"2026-08-31","13:37:25","600354","敦煌种业","买入","100","9.030","903.00","5.00","0.00","0.00","5.01","-908.01","11227.28","沪A","2026-08-31"
"2026-08-31","10:19:48","600721","百花医药","卖出","500","13.900","6950.00","5.00","3.48","0.00","8.55","6941.45","6955.93","沪A","2026-08-31"
"2026-08-31","09:31:04","600378","昊华科技","卖出","100","51.870","5187.00","5.00","2.59","0.00","7.64","5179.36","12135.29","沪A","2026-08-31"
